pretraining_epoch,t0,s,mse,n_downstream_epochs,run_dir,local_slope
0,38.846749750160676,2.59627626802419,0.0007884542843357309,48,runs_randpixel_to_randlabel_finegrained_labelseed42/randlabel42_init-epoch0000_arch-withBN_seed-21_from-randpixel,
1,41.35252227630585,2.767284383742129,0.0007447590732314277,51,runs_randpixel_to_randlabel_finegrained_labelseed42/randlabel42_init-epoch0001_arch-withBN_seed-21_from-randpixel,2.505772526145172
2,32.438530609235116,2.548181213698623,0.0008183578004443048,42,runs_randpixel_to_randlabel_finegrained_labelseed42/randlabel42_init-epoch0002_arch-withBN_seed-21_from-randpixel,-8.913991667070732
3,20.06005049225437,2.838291223797796,0.0006894719912674585,30,runs_randpixel_to_randlabel_finegrained_labelseed42/randlabel42_init-epoch0003_arch-withBN_seed-21_from-randpixel,-12.378480116980747
4,19.82472537591787,3.2357121848045525,0.00022648568956762683,35,runs_randpixel_to_randlabel_finegrained_labelseed42/randlabel42_init-epoch0004_arch-withBN_seed-21_from-randpixel,-0.23532511633650088
5,17.513739047360765,3.4688426299784463,2.5551223712960588e-05,36,runs_randpixel_to_randlabel_finegrained_labelseed42/randlabel42_init-epoch0005_arch-withBN_seed-21_from-randpixel,-2.310986328557103
6,17.85245040664273,3.537314701309825,2.9010017427607732e-05,36,runs_randpixel_to_randlabel_finegrained_labelseed42/randlabel42_init-epoch0006_arch-withBN_seed-21_from-randpixel,0.33871135928196594
7,16.468185292197344,3.6055641942134953,4.98454589096166e-05,39,runs_randpixel_to_randlabel_finegrained_labelseed42/randlabel42_init-epoch0007_arch-withBN_seed-21_from-randpixel,-1.3842651144453875
8,17.830030866434157,3.809661271045729,7.484977760011577e-05,45,runs_randpixel_to_randlabel_finegrained_labelseed42/randlabel42_init-epoch0008_arch-withBN_seed-21_from-randpixel,1.3618455742368134
9,17.231525393172447,3.8561259324069277,0.00010117294763428967,45,runs_randpixel_to_randlabel_finegrained_labelseed42/randlabel42_init-epoch0009_arch-withBN_seed-21_from-randpixel,-0.5985054732617101
10,18.338502574531113,4.068125732053545,0.0001344359765489959,54,runs_randpixel_to_randlabel_finegrained_labelseed42/randlabel42_init-epoch0010_arch-withBN_seed-21_from-randpixel,1.1069771813586655
11,19.284127805686353,4.117955404954276,0.00012999291974101054,51,runs_randpixel_to_randlabel_finegrained_labelseed42/randlabel42_init-epoch0011_arch-withBN_seed-21_from-randpixel,0.9456252311552404
12,21.78672511365175,4.106383342715188,5.54452348390389e-05,50,runs_randpixel_to_randlabel_finegrained_labelseed42/randlabel42_init-epoch0012_arch-withBN_seed-21_from-randpixel,2.5025973079653987
13,20.814660262908582,4.460478358760097,0.0001492316772727093,57,runs_randpixel_to_randlabel_finegrained_labelseed42/randlabel42_init-epoch0013_arch-withBN_seed-21_from-randpixel,-0.9720648507431697
14,21.8761267266915,4.45093698689269,0.00012331750613000692,51,runs_randpixel_to_randlabel_finegrained_labelseed42/randlabel42_init-epoch0014_arch-withBN_seed-21_from-randpixel,1.0614664637829172
15,23.503883706177966,4.340105028824093,5.952340703489452e-05,53,runs_randpixel_to_randlabel_finegrained_labelseed42/randlabel42_init-epoch0015_arch-withBN_seed-21_from-randpixel,1.6277569794864668
16,21.766773660391518,4.42943655912001,8.399292439484281e-05,54,runs_randpixel_to_randlabel_finegrained_labelseed42/randlabel42_init-epoch0016_arch-withBN_seed-21_from-randpixel,-1.737110045786448
17,27.94487712390203,4.330221486683137,4.485598433327782e-05,59,runs_randpixel_to_randlabel_finegrained_labelseed42/randlabel42_init-epoch0017_arch-withBN_seed-21_from-randpixel,6.178103463510514
18,25.265305446368913,4.538425917658361,4.8666754559612144e-05,54,runs_randpixel_to_randlabel_finegrained_labelseed42/randlabel42_init-epoch0018_arch-withBN_seed-21_from-randpixel,-2.6795716775331186
